filename,original_file,label,label_name
glaucoma_aug_0.jpg,g0002.jpg,1,Glaucoma
glaucoma_aug_1.jpg,g0017.jpg,1,Glaucoma
glaucoma_aug_2.jpg,g0004.jpg,1,Glaucoma
glaucoma_aug_3.jpg,g0035.jpg,1,Glaucoma
glaucoma_aug_4.jpg,g0026.jpg,1,Glaucoma
glaucoma_aug_5.jpg,g0001.jpg,1,Glaucoma
glaucoma_aug_6.jpg,g0026.jpg,1,Glaucoma
glaucoma_aug_7.jpg,g0006.jpg,1,Glaucoma
glaucoma_aug_8.jpg,g0011.jpg,1,Glaucoma
glaucoma_aug_9.jpg,g0008.jpg,1,Glaucoma
glaucoma_aug_10.jpg,g0038.jpg,1,Glaucoma
glaucoma_aug_11.jpg,g0027.jpg,1,Glaucoma
normal_aug_0.jpg,V0267.jpg,0,Normal
normal_aug_1.jpg,n0190.jpg,0,Normal
normal_aug_2.jpg,V0155.jpg,0,Normal
normal_aug_3.jpg,V0395.jpg,0,Normal
normal_aug_4.jpg,n0137.jpg,0,Normal
normal_aug_5.jpg,V0240.jpg,0,Normal
normal_aug_6.jpg,n0205.jpg,0,Normal
normal_aug_7.jpg,n0126.jpg,0,Normal
normal_aug_8.jpg,n0186.jpg,0,Normal
normal_aug_9.jpg,n0320.jpg,0,Normal
normal_aug_10.jpg,V0109.jpg,0,Normal
normal_aug_11.jpg,n0352.jpg,0,Normal
normal_aug_12.jpg,V0295.jpg,0,Normal
normal_aug_13.jpg,V0028.jpg,0,Normal
normal_aug_14.jpg,n0349.jpg,0,Normal
normal_aug_15.jpg,V0155.jpg,0,Normal
normal_aug_16.jpg,n0138.jpg,0,Normal
normal_aug_17.jpg,n0157.jpg,0,Normal
normal_aug_18.jpg,V0362.jpg,0,Normal
normal_aug_19.jpg,V0133.jpg,0,Normal
normal_aug_20.jpg,V0309.jpg,0,Normal
normal_aug_21.jpg,V0196.jpg,0,Normal
normal_aug_22.jpg,n0337.jpg,0,Normal
normal_aug_23.jpg,V0287.jpg,0,Normal
normal_aug_24.jpg,V0113.jpg,0,Normal
normal_aug_25.jpg,n0159.jpg,0,Normal
normal_aug_26.jpg,V0063.jpg,0,Normal
normal_aug_27.jpg,n0290.jpg,0,Normal
normal_aug_28.jpg,V0262.jpg,0,Normal
normal_aug_29.jpg,n0262.jpg,0,Normal
normal_aug_30.jpg,n0137.jpg,0,Normal
normal_aug_31.jpg,n0349.jpg,0,Normal
normal_aug_32.jpg,V0238.jpg,0,Normal
normal_aug_33.jpg,V0237.jpg,0,Normal
normal_aug_34.jpg,n0005.jpg,0,Normal
normal_aug_35.jpg,n0303.jpg,0,Normal
normal_aug_36.jpg,n0249.jpg,0,Normal
normal_aug_37.jpg,V0274.jpg,0,Normal
normal_aug_38.jpg,V0086.jpg,0,Normal
normal_aug_39.jpg,n0045.jpg,0,Normal
normal_aug_40.jpg,n0160.jpg,0,Normal
normal_aug_41.jpg,n0022.jpg,0,Normal
normal_aug_42.jpg,n0230.jpg,0,Normal
normal_aug_43.jpg,n0106.jpg,0,Normal
normal_aug_44.jpg,V0294.jpg,0,Normal
normal_aug_45.jpg,n0206.jpg,0,Normal
normal_aug_46.jpg,n0128.jpg,0,Normal
normal_aug_47.jpg,V0072.jpg,0,Normal
normal_aug_48.jpg,n0153.jpg,0,Normal
normal_aug_49.jpg,n0054.jpg,0,Normal
normal_aug_50.jpg,n0131.jpg,0,Normal
normal_aug_51.jpg,V0311.jpg,0,Normal
normal_aug_52.jpg,V0258.jpg,0,Normal
normal_aug_53.jpg,V0219.jpg,0,Normal
normal_aug_54.jpg,V0245.jpg,0,Normal
normal_aug_55.jpg,V0055.jpg,0,Normal
normal_aug_56.jpg,V0047.jpg,0,Normal
normal_aug_57.jpg,n0097.jpg,0,Normal
normal_aug_58.jpg,n0249.jpg,0,Normal
normal_aug_59.jpg,n0228.jpg,0,Normal
normal_aug_60.jpg,n0113.jpg,0,Normal
normal_aug_61.jpg,V0126.jpg,0,Normal
normal_aug_62.jpg,V0113.jpg,0,Normal
normal_aug_63.jpg,n0106.jpg,0,Normal
normal_aug_64.jpg,n0150.jpg,0,Normal
normal_aug_65.jpg,n0337.jpg,0,Normal
normal_aug_66.jpg,V0328.jpg,0,Normal
normal_aug_67.jpg,n0173.jpg,0,Normal
normal_aug_68.jpg,V0360.jpg,0,Normal
normal_aug_69.jpg,V0323.jpg,0,Normal
normal_aug_70.jpg,n0165.jpg,0,Normal
normal_aug_71.jpg,V0209.jpg,0,Normal
normal_aug_72.jpg,V0023.jpg,0,Normal
normal_aug_73.jpg,n0277.jpg,0,Normal
normal_aug_74.jpg,V0124.jpg,0,Normal
normal_aug_75.jpg,V0038.jpg,0,Normal
normal_aug_76.jpg,n0143.jpg,0,Normal
normal_aug_77.jpg,n0193.jpg,0,Normal
normal_aug_78.jpg,V0024.jpg,0,Normal
normal_aug_79.jpg,V0309.jpg,0,Normal
normal_aug_80.jpg,n0032.jpg,0,Normal
normal_aug_81.jpg,V0342.jpg,0,Normal
normal_aug_82.jpg,V0087.jpg,0,Normal
normal_aug_83.jpg,V0088.jpg,0,Normal
normal_aug_84.jpg,V0015.jpg,0,Normal
normal_aug_85.jpg,n0014.jpg,0,Normal
normal_aug_86.jpg,V0392.jpg,0,Normal
normal_aug_87.jpg,V0281.jpg,0,Normal
normal_aug_88.jpg,n0048.jpg,0,Normal
normal_aug_89.jpg,n0234.jpg,0,Normal
normal_aug_90.jpg,V0004.jpg,0,Normal
normal_aug_91.jpg,V0223.jpg,0,Normal
normal_aug_92.jpg,V0079.jpg,0,Normal
normal_aug_93.jpg,n0280.jpg,0,Normal
normal_aug_94.jpg,n0035.jpg,0,Normal
normal_aug_95.jpg,n0219.jpg,0,Normal
normal_aug_96.jpg,n0277.jpg,0,Normal
normal_aug_97.jpg,V0240.jpg,0,Normal
normal_aug_98.jpg,n0285.jpg,0,Normal
normal_aug_99.jpg,V0154.jpg,0,Normal
normal_aug_100.jpg,V0086.jpg,0,Normal
normal_aug_101.jpg,V0294.jpg,0,Normal
normal_aug_102.jpg,V0163.jpg,0,Normal
normal_aug_103.jpg,V0185.jpg,0,Normal
normal_aug_104.jpg,n0200.jpg,0,Normal
normal_aug_105.jpg,n0042.jpg,0,Normal
normal_aug_106.jpg,V0140.jpg,0,Normal
normal_aug_107.jpg,n0009.jpg,0,Normal
normal_aug_108.jpg,n0168.jpg,0,Normal
normal_aug_109.jpg,n0218.jpg,0,Normal
normal_aug_110.jpg,n0154.jpg,0,Normal
normal_aug_111.jpg,V0125.jpg,0,Normal
normal_aug_112.jpg,n0047.jpg,0,Normal
normal_aug_113.jpg,V0016.jpg,0,Normal
normal_aug_114.jpg,V0181.jpg,0,Normal
normal_aug_115.jpg,n0106.jpg,0,Normal
normal_aug_116.jpg,V0374.jpg,0,Normal
normal_aug_117.jpg,n0045.jpg,0,Normal
normal_aug_118.jpg,n0286.jpg,0,Normal
normal_aug_119.jpg,n0352.jpg,0,Normal
normal_aug_120.jpg,V0138.jpg,0,Normal
normal_aug_121.jpg,n0302.jpg,0,Normal
normal_aug_122.jpg,n0185.jpg,0,Normal
normal_aug_123.jpg,V0252.jpg,0,Normal
normal_aug_124.jpg,n0106.jpg,0,Normal
normal_aug_125.jpg,V0330.jpg,0,Normal
normal_aug_126.jpg,n0112.jpg,0,Normal
normal_aug_127.jpg,n0198.jpg,0,Normal
normal_aug_128.jpg,n0248.jpg,0,Normal
normal_aug_129.jpg,n0165.jpg,0,Normal
normal_aug_130.jpg,n0255.jpg,0,Normal
normal_aug_131.jpg,n0325.jpg,0,Normal
normal_aug_132.jpg,n0127.jpg,0,Normal
normal_aug_133.jpg,n0019.jpg,0,Normal
normal_aug_134.jpg,V0352.jpg,0,Normal
normal_aug_135.jpg,V0212.jpg,0,Normal
normal_aug_136.jpg,V0218.jpg,0,Normal
normal_aug_137.jpg,n0325.jpg,0,Normal
normal_aug_138.jpg,V0321.jpg,0,Normal
normal_aug_139.jpg,V0244.jpg,0,Normal
normal_aug_140.jpg,n0289.jpg,0,Normal
normal_aug_141.jpg,V0289.jpg,0,Normal
normal_aug_142.jpg,V0300.jpg,0,Normal
normal_aug_143.jpg,n0151.jpg,0,Normal
normal_aug_144.jpg,V0123.jpg,0,Normal
normal_aug_145.jpg,V0029.jpg,0,Normal
normal_aug_146.jpg,n0097.jpg,0,Normal
normal_aug_147.jpg,V0012.jpg,0,Normal
normal_aug_148.jpg,n0247.jpg,0,Normal
normal_aug_149.jpg,n0177.jpg,0,Normal
normal_aug_150.jpg,n0040.jpg,0,Normal
normal_aug_151.jpg,V0125.jpg,0,Normal
normal_aug_152.jpg,V0315.jpg,0,Normal
normal_aug_153.jpg,V0388.jpg,0,Normal
normal_aug_154.jpg,V0170.jpg,0,Normal
normal_aug_155.jpg,V0053.jpg,0,Normal
normal_aug_156.jpg,V0173.jpg,0,Normal
normal_aug_157.jpg,V0150.jpg,0,Normal
normal_aug_158.jpg,n0023.jpg,0,Normal
normal_aug_159.jpg,V0347.jpg,0,Normal
normal_aug_160.jpg,n0020.jpg,0,Normal
normal_aug_161.jpg,n0326.jpg,0,Normal
normal_aug_162.jpg,V0140.jpg,0,Normal
normal_aug_163.jpg,V0041.jpg,0,Normal
normal_aug_164.jpg,V0304.jpg,0,Normal
normal_aug_165.jpg,V0106.jpg,0,Normal
normal_aug_166.jpg,n0141.jpg,0,Normal
normal_aug_167.jpg,n0079.jpg,0,Normal
normal_aug_168.jpg,n0354.jpg,0,Normal
normal_aug_169.jpg,V0371.jpg,0,Normal
normal_aug_170.jpg,n0059.jpg,0,Normal
normal_aug_171.jpg,V0285.jpg,0,Normal
normal_aug_172.jpg,V0326.jpg,0,Normal
normal_aug_173.jpg,V0199.jpg,0,Normal
normal_aug_174.jpg,n0199.jpg,0,Normal
normal_aug_175.jpg,n0129.jpg,0,Normal
normal_aug_176.jpg,n0158.jpg,0,Normal
normal_aug_177.jpg,n0304.jpg,0,Normal
normal_aug_178.jpg,V0218.jpg,0,Normal
normal_aug_179.jpg,n0341.jpg,0,Normal
normal_aug_180.jpg,n0308.jpg,0,Normal
normal_aug_181.jpg,V0333.jpg,0,Normal
normal_aug_182.jpg,V0315.jpg,0,Normal
normal_aug_183.jpg,n0054.jpg,0,Normal
normal_aug_184.jpg,V0094.jpg,0,Normal
normal_aug_185.jpg,V0268.jpg,0,Normal
normal_aug_186.jpg,n0273.jpg,0,Normal
normal_aug_187.jpg,n0056.jpg,0,Normal
normal_aug_188.jpg,V0237.jpg,0,Normal
normal_aug_189.jpg,V0265.jpg,0,Normal
normal_aug_190.jpg,n0006.jpg,0,Normal
normal_aug_191.jpg,n0101.jpg,0,Normal
normal_aug_192.jpg,n0195.jpg,0,Normal
normal_aug_193.jpg,n0347.jpg,0,Normal
normal_aug_194.jpg,n0049.jpg,0,Normal
normal_aug_195.jpg,V0272.jpg,0,Normal
normal_aug_196.jpg,n0265.jpg,0,Normal
normal_aug_197.jpg,V0032.jpg,0,Normal
normal_aug_198.jpg,V0302.jpg,0,Normal
normal_aug_199.jpg,n0105.jpg,0,Normal
normal_aug_200.jpg,V0281.jpg,0,Normal
normal_aug_201.jpg,V0294.jpg,0,Normal
normal_aug_202.jpg,V0305.jpg,0,Normal
normal_aug_203.jpg,n0131.jpg,0,Normal
normal_aug_204.jpg,V0239.jpg,0,Normal
normal_aug_205.jpg,n0058.jpg,0,Normal
normal_aug_206.jpg,n0349.jpg,0,Normal
normal_aug_207.jpg,V0368.jpg,0,Normal
normal_aug_208.jpg,V0102.jpg,0,Normal
normal_aug_209.jpg,n0109.jpg,0,Normal
normal_aug_210.jpg,n0122.jpg,0,Normal
normal_aug_211.jpg,V0012.jpg,0,Normal
normal_aug_212.jpg,V0287.jpg,0,Normal
normal_aug_213.jpg,n0058.jpg,0,Normal
normal_aug_214.jpg,V0280.jpg,0,Normal
normal_aug_215.jpg,V0141.jpg,0,Normal
normal_aug_216.jpg,V0389.jpg,0,Normal
normal_aug_217.jpg,n0102.jpg,0,Normal
normal_aug_218.jpg,V0279.jpg,0,Normal
normal_aug_219.jpg,n0118.jpg,0,Normal
normal_aug_220.jpg,V0201.jpg,0,Normal
normal_aug_221.jpg,V0266.jpg,0,Normal
normal_aug_222.jpg,V0147.jpg,0,Normal
normal_aug_223.jpg,n0237.jpg,0,Normal
normal_aug_224.jpg,n0268.jpg,0,Normal
normal_aug_225.jpg,n0189.jpg,0,Normal
normal_aug_226.jpg,V0318.jpg,0,Normal
normal_aug_227.jpg,V0095.jpg,0,Normal
glaucoma_aug_0.jpg,g0039.jpg,1,Glaucoma
glaucoma_aug_1.jpg,g0033.jpg,1,Glaucoma
glaucoma_aug_2.jpg,g0015.jpg,1,Glaucoma
glaucoma_aug_3.jpg,g0014.jpg,1,Glaucoma
glaucoma_aug_4.jpg,g0029.jpg,1,Glaucoma
glaucoma_aug_5.jpg,g0039.jpg,1,Glaucoma
glaucoma_aug_6.jpg,g0017.jpg,1,Glaucoma
glaucoma_aug_7.jpg,g0034.jpg,1,Glaucoma
glaucoma_aug_8.jpg,g0011.jpg,1,Glaucoma
glaucoma_aug_9.jpg,g0011.jpg,1,Glaucoma
glaucoma_aug_10.jpg,g0027.jpg,1,Glaucoma
glaucoma_aug_11.jpg,g0036.jpg,1,Glaucoma
normal_aug_0.jpg,V0308.jpg,0,Normal
normal_aug_1.jpg,n0128.jpg,0,Normal
normal_aug_2.jpg,V0278.jpg,0,Normal
normal_aug_3.jpg,n0311.jpg,0,Normal
normal_aug_4.jpg,n0353.jpg,0,Normal
normal_aug_5.jpg,V0143.jpg,0,Normal
normal_aug_6.jpg,V0074.jpg,0,Normal
normal_aug_7.jpg,V0029.jpg,0,Normal
normal_aug_8.jpg,n0200.jpg,0,Normal
normal_aug_9.jpg,n0277.jpg,0,Normal
normal_aug_10.jpg,n0165.jpg,0,Normal
normal_aug_11.jpg,V0087.jpg,0,Normal
normal_aug_12.jpg,n0304.jpg,0,Normal
normal_aug_13.jpg,n0014.jpg,0,Normal
normal_aug_14.jpg,n0248.jpg,0,Normal
normal_aug_15.jpg,V0399.jpg,0,Normal
normal_aug_16.jpg,V0214.jpg,0,Normal
normal_aug_17.jpg,V0110.jpg,0,Normal
normal_aug_18.jpg,n0055.jpg,0,Normal
normal_aug_19.jpg,V0155.jpg,0,Normal
normal_aug_20.jpg,V0315.jpg,0,Normal
normal_aug_21.jpg,V0115.jpg,0,Normal
normal_aug_22.jpg,V0330.jpg,0,Normal
normal_aug_23.jpg,n0199.jpg,0,Normal
normal_aug_24.jpg,V0344.jpg,0,Normal
normal_aug_25.jpg,V0223.jpg,0,Normal
normal_aug_26.jpg,V0233.jpg,0,Normal
normal_aug_27.jpg,n0252.jpg,0,Normal
normal_aug_28.jpg,V0151.jpg,0,Normal
normal_aug_29.jpg,n0128.jpg,0,Normal
normal_aug_30.jpg,V0119.jpg,0,Normal
normal_aug_31.jpg,V0301.jpg,0,Normal
normal_aug_32.jpg,n0008.jpg,0,Normal
normal_aug_33.jpg,n0166.jpg,0,Normal
normal_aug_34.jpg,n0282.jpg,0,Normal
normal_aug_35.jpg,V0009.jpg,0,Normal
normal_aug_36.jpg,V0266.jpg,0,Normal
normal_aug_37.jpg,n0322.jpg,0,Normal
normal_aug_38.jpg,n0011.jpg,0,Normal
normal_aug_39.jpg,n0231.jpg,0,Normal
normal_aug_40.jpg,n0349.jpg,0,Normal
normal_aug_41.jpg,V0229.jpg,0,Normal
normal_aug_42.jpg,n0336.jpg,0,Normal
normal_aug_43.jpg,n0079.jpg,0,Normal
normal_aug_44.jpg,V0036.jpg,0,Normal
normal_aug_45.jpg,V0112.jpg,0,Normal
normal_aug_46.jpg,V0060.jpg,0,Normal
normal_aug_47.jpg,V0148.jpg,0,Normal
normal_aug_48.jpg,n0026.jpg,0,Normal
normal_aug_49.jpg,n0202.jpg,0,Normal
normal_aug_50.jpg,n0086.jpg,0,Normal
normal_aug_51.jpg,V0231.jpg,0,Normal
normal_aug_52.jpg,V0009.jpg,0,Normal
normal_aug_53.jpg,n0005.jpg,0,Normal
normal_aug_54.jpg,V0042.jpg,0,Normal
normal_aug_55.jpg,V0212.jpg,0,Normal
normal_aug_56.jpg,n0105.jpg,0,Normal
normal_aug_57.jpg,V0125.jpg,0,Normal
normal_aug_58.jpg,V0322.jpg,0,Normal
normal_aug_59.jpg,V0019.jpg,0,Normal
normal_aug_60.jpg,V0376.jpg,0,Normal
normal_aug_61.jpg,V0184.jpg,0,Normal
normal_aug_62.jpg,n0163.jpg,0,Normal
normal_aug_63.jpg,n0212.jpg,0,Normal
normal_aug_64.jpg,n0260.jpg,0,Normal
normal_aug_65.jpg,n0259.jpg,0,Normal
normal_aug_66.jpg,V0080.jpg,0,Normal
normal_aug_67.jpg,V0090.jpg,0,Normal
normal_aug_68.jpg,V0371.jpg,0,Normal
normal_aug_69.jpg,n0244.jpg,0,Normal
normal_aug_70.jpg,V0320.jpg,0,Normal
normal_aug_71.jpg,n0287.jpg,0,Normal
normal_aug_72.jpg,V0358.jpg,0,Normal
normal_aug_73.jpg,V0360.jpg,0,Normal
normal_aug_74.jpg,V0394.jpg,0,Normal
normal_aug_75.jpg,n0337.jpg,0,Normal
normal_aug_76.jpg,n0056.jpg,0,Normal
normal_aug_77.jpg,n0223.jpg,0,Normal
normal_aug_78.jpg,n0176.jpg,0,Normal
normal_aug_79.jpg,V0020.jpg,0,Normal
normal_aug_80.jpg,V0152.jpg,0,Normal
normal_aug_81.jpg,n0050.jpg,0,Normal
normal_aug_82.jpg,n0155.jpg,0,Normal
normal_aug_83.jpg,n0012.jpg,0,Normal
normal_aug_84.jpg,n0069.jpg,0,Normal
normal_aug_85.jpg,V0168.jpg,0,Normal
normal_aug_86.jpg,n0353.jpg,0,Normal
normal_aug_87.jpg,n0132.jpg,0,Normal
normal_aug_88.jpg,V0290.jpg,0,Normal
normal_aug_89.jpg,V0091.jpg,0,Normal
normal_aug_90.jpg,n0053.jpg,0,Normal
normal_aug_91.jpg,n0142.jpg,0,Normal
normal_aug_92.jpg,V0137.jpg,0,Normal
normal_aug_93.jpg,V0222.jpg,0,Normal
normal_aug_94.jpg,V0038.jpg,0,Normal
normal_aug_95.jpg,V0329.jpg,0,Normal
normal_aug_96.jpg,V0059.jpg,0,Normal
normal_aug_97.jpg,n0288.jpg,0,Normal
normal_aug_98.jpg,V0018.jpg,0,Normal
normal_aug_99.jpg,V0123.jpg,0,Normal
normal_aug_100.jpg,n0238.jpg,0,Normal
normal_aug_101.jpg,n0050.jpg,0,Normal
normal_aug_102.jpg,n0024.jpg,0,Normal
normal_aug_103.jpg,n0143.jpg,0,Normal
normal_aug_104.jpg,n0205.jpg,0,Normal
normal_aug_105.jpg,n0032.jpg,0,Normal
normal_aug_106.jpg,n0044.jpg,0,Normal
normal_aug_107.jpg,V0121.jpg,0,Normal
normal_aug_108.jpg,V0077.jpg,0,Normal
normal_aug_109.jpg,V0230.jpg,0,Normal
normal_aug_110.jpg,V0370.jpg,0,Normal
normal_aug_111.jpg,n0106.jpg,0,Normal
normal_aug_112.jpg,V0341.jpg,0,Normal
normal_aug_113.jpg,V0377.jpg,0,Normal
normal_aug_114.jpg,V0185.jpg,0,Normal
normal_aug_115.jpg,V0382.jpg,0,Normal
normal_aug_116.jpg,V0268.jpg,0,Normal
normal_aug_117.jpg,V0090.jpg,0,Normal
normal_aug_118.jpg,V0284.jpg,0,Normal
normal_aug_119.jpg,n0006.jpg,0,Normal
normal_aug_120.jpg,n0227.jpg,0,Normal
normal_aug_121.jpg,V0121.jpg,0,Normal
normal_aug_122.jpg,V0023.jpg,0,Normal
normal_aug_123.jpg,V0012.jpg,0,Normal
normal_aug_124.jpg,n0207.jpg,0,Normal
normal_aug_125.jpg,n0012.jpg,0,Normal
normal_aug_126.jpg,V0165.jpg,0,Normal
normal_aug_127.jpg,V0097.jpg,0,Normal
normal_aug_128.jpg,V0350.jpg,0,Normal
normal_aug_129.jpg,V0199.jpg,0,Normal
normal_aug_130.jpg,V0359.jpg,0,Normal
normal_aug_131.jpg,n0233.jpg,0,Normal
normal_aug_132.jpg,V0208.jpg,0,Normal
normal_aug_133.jpg,n0102.jpg,0,Normal
normal_aug_134.jpg,V0379.jpg,0,Normal
normal_aug_135.jpg,V0119.jpg,0,Normal
normal_aug_136.jpg,V0077.jpg,0,Normal
normal_aug_137.jpg,n0238.jpg,0,Normal
normal_aug_138.jpg,V0394.jpg,0,Normal
normal_aug_139.jpg,V0297.jpg,0,Normal
normal_aug_140.jpg,n0172.jpg,0,Normal
normal_aug_141.jpg,V0189.jpg,0,Normal
normal_aug_142.jpg,n0023.jpg,0,Normal
normal_aug_143.jpg,V0173.jpg,0,Normal
normal_aug_144.jpg,n0160.jpg,0,Normal
normal_aug_145.jpg,V0327.jpg,0,Normal
normal_aug_146.jpg,n0236.jpg,0,Normal
normal_aug_147.jpg,n0083.jpg,0,Normal
normal_aug_148.jpg,V0211.jpg,0,Normal
normal_aug_149.jpg,V0315.jpg,0,Normal
normal_aug_150.jpg,V0226.jpg,0,Normal
normal_aug_151.jpg,V0230.jpg,0,Normal
normal_aug_152.jpg,V0292.jpg,0,Normal
normal_aug_153.jpg,n0024.jpg,0,Normal
normal_aug_154.jpg,V0265.jpg,0,Normal
normal_aug_155.jpg,V0184.jpg,0,Normal
normal_aug_156.jpg,n0336.jpg,0,Normal
normal_aug_157.jpg,n0339.jpg,0,Normal
normal_aug_158.jpg,V0309.jpg,0,Normal
normal_aug_159.jpg,V0150.jpg,0,Normal
normal_aug_160.jpg,n0355.jpg,0,Normal
normal_aug_161.jpg,V0113.jpg,0,Normal
normal_aug_162.jpg,n0238.jpg,0,Normal
normal_aug_163.jpg,n0199.jpg,0,Normal
normal_aug_164.jpg,n0224.jpg,0,Normal
normal_aug_165.jpg,V0027.jpg,0,Normal
normal_aug_166.jpg,V0025.jpg,0,Normal
normal_aug_167.jpg,n0280.jpg,0,Normal
normal_aug_168.jpg,V0273.jpg,0,Normal
normal_aug_169.jpg,V0258.jpg,0,Normal
normal_aug_170.jpg,V0374.jpg,0,Normal
normal_aug_171.jpg,n0263.jpg,0,Normal
normal_aug_172.jpg,n0360.jpg,0,Normal
normal_aug_173.jpg,V0316.jpg,0,Normal
normal_aug_174.jpg,V0080.jpg,0,Normal
normal_aug_175.jpg,V0052.jpg,0,Normal
normal_aug_176.jpg,V0276.jpg,0,Normal
normal_aug_177.jpg,n0328.jpg,0,Normal
normal_aug_178.jpg,V0339.jpg,0,Normal
normal_aug_179.jpg,n0224.jpg,0,Normal
normal_aug_180.jpg,n0242.jpg,0,Normal
normal_aug_181.jpg,V0341.jpg,0,Normal
normal_aug_182.jpg,V0308.jpg,0,Normal
normal_aug_183.jpg,V0008.jpg,0,Normal
normal_aug_184.jpg,V0332.jpg,0,Normal
normal_aug_185.jpg,V0248.jpg,0,Normal
normal_aug_186.jpg,V0091.jpg,0,Normal
normal_aug_187.jpg,n0230.jpg,0,Normal
normal_aug_188.jpg,V0333.jpg,0,Normal
normal_aug_189.jpg,n0107.jpg,0,Normal
normal_aug_190.jpg,V0138.jpg,0,Normal
normal_aug_191.jpg,V0093.jpg,0,Normal
normal_aug_192.jpg,V0208.jpg,0,Normal
normal_aug_193.jpg,n0271.jpg,0,Normal
normal_aug_194.jpg,V0126.jpg,0,Normal
normal_aug_195.jpg,V0029.jpg,0,Normal
normal_aug_196.jpg,V0021.jpg,0,Normal
normal_aug_197.jpg,n0107.jpg,0,Normal
normal_aug_198.jpg,V0268.jpg,0,Normal
normal_aug_199.jpg,V0245.jpg,0,Normal
normal_aug_200.jpg,n0086.jpg,0,Normal
normal_aug_201.jpg,V0327.jpg,0,Normal
normal_aug_202.jpg,n0107.jpg,0,Normal
normal_aug_203.jpg,n0005.jpg,0,Normal
normal_aug_204.jpg,V0291.jpg,0,Normal
normal_aug_205.jpg,n0218.jpg,0,Normal
normal_aug_206.jpg,V0212.jpg,0,Normal
normal_aug_207.jpg,V0381.jpg,0,Normal
normal_aug_208.jpg,n0224.jpg,0,Normal
normal_aug_209.jpg,V0027.jpg,0,Normal
normal_aug_210.jpg,V0028.jpg,0,Normal
normal_aug_211.jpg,V0279.jpg,0,Normal
normal_aug_212.jpg,n0123.jpg,0,Normal
normal_aug_213.jpg,n0056.jpg,0,Normal
normal_aug_214.jpg,V0341.jpg,0,Normal
normal_aug_215.jpg,V0376.jpg,0,Normal
normal_aug_216.jpg,V0332.jpg,0,Normal
normal_aug_217.jpg,V0316.jpg,0,Normal
normal_aug_218.jpg,V0062.jpg,0,Normal
normal_aug_219.jpg,n0258.jpg,0,Normal
normal_aug_220.jpg,V0054.jpg,0,Normal
normal_aug_221.jpg,n0201.jpg,0,Normal
normal_aug_222.jpg,n0180.jpg,0,Normal
normal_aug_223.jpg,n0125.jpg,0,Normal
normal_aug_224.jpg,V0024.jpg,0,Normal
normal_aug_225.jpg,n0301.jpg,0,Normal
normal_aug_226.jpg,n0286.jpg,0,Normal
normal_aug_227.jpg,V0267.jpg,0,Normal
glaucoma_aug_0.jpg,g0001.jpg,1,Glaucoma
glaucoma_aug_1.jpg,g0025.jpg,1,Glaucoma
glaucoma_aug_2.jpg,g0011.jpg,1,Glaucoma
glaucoma_aug_3.jpg,g0007.jpg,1,Glaucoma
glaucoma_aug_4.jpg,g0021.jpg,1,Glaucoma
glaucoma_aug_5.jpg,g0012.jpg,1,Glaucoma
glaucoma_aug_6.jpg,g0001.jpg,1,Glaucoma
glaucoma_aug_7.jpg,g0007.jpg,1,Glaucoma
glaucoma_aug_8.jpg,g0033.jpg,1,Glaucoma
glaucoma_aug_9.jpg,g0005.jpg,1,Glaucoma
glaucoma_aug_10.jpg,g0016.jpg,1,Glaucoma
glaucoma_aug_11.jpg,g0036.jpg,1,Glaucoma
normal_aug_0.jpg,V0028.jpg,0,Normal
normal_aug_1.jpg,n0349.jpg,0,Normal
normal_aug_2.jpg,V0155.jpg,0,Normal
normal_aug_3.jpg,n0138.jpg,0,Normal
normal_aug_4.jpg,n0157.jpg,0,Normal
normal_aug_5.jpg,V0362.jpg,0,Normal
normal_aug_6.jpg,V0133.jpg,0,Normal
normal_aug_7.jpg,V0309.jpg,0,Normal
normal_aug_8.jpg,V0196.jpg,0,Normal
normal_aug_9.jpg,n0337.jpg,0,Normal
normal_aug_10.jpg,V0287.jpg,0,Normal
normal_aug_11.jpg,V0113.jpg,0,Normal
normal_aug_12.jpg,n0159.jpg,0,Normal
normal_aug_13.jpg,V0063.jpg,0,Normal
normal_aug_14.jpg,n0290.jpg,0,Normal
normal_aug_15.jpg,V0262.jpg,0,Normal
normal_aug_16.jpg,n0262.jpg,0,Normal
normal_aug_17.jpg,n0137.jpg,0,Normal
normal_aug_18.jpg,n0349.jpg,0,Normal
normal_aug_19.jpg,V0238.jpg,0,Normal
normal_aug_20.jpg,V0237.jpg,0,Normal
normal_aug_21.jpg,n0005.jpg,0,Normal
normal_aug_22.jpg,n0303.jpg,0,Normal
normal_aug_23.jpg,n0249.jpg,0,Normal
normal_aug_24.jpg,V0274.jpg,0,Normal
normal_aug_25.jpg,V0086.jpg,0,Normal
normal_aug_26.jpg,n0045.jpg,0,Normal
normal_aug_27.jpg,n0160.jpg,0,Normal
normal_aug_28.jpg,n0022.jpg,0,Normal
normal_aug_29.jpg,n0230.jpg,0,Normal
normal_aug_30.jpg,n0106.jpg,0,Normal
normal_aug_31.jpg,V0294.jpg,0,Normal
normal_aug_32.jpg,n0206.jpg,0,Normal
normal_aug_33.jpg,n0128.jpg,0,Normal
normal_aug_34.jpg,V0072.jpg,0,Normal
normal_aug_35.jpg,n0153.jpg,0,Normal
normal_aug_36.jpg,n0054.jpg,0,Normal
normal_aug_37.jpg,n0131.jpg,0,Normal
normal_aug_38.jpg,V0311.jpg,0,Normal
normal_aug_39.jpg,V0258.jpg,0,Normal
normal_aug_40.jpg,V0219.jpg,0,Normal
normal_aug_41.jpg,V0245.jpg,0,Normal
normal_aug_42.jpg,V0055.jpg,0,Normal
normal_aug_43.jpg,V0047.jpg,0,Normal
normal_aug_44.jpg,n0097.jpg,0,Normal
normal_aug_45.jpg,n0249.jpg,0,Normal
normal_aug_46.jpg,n0228.jpg,0,Normal
normal_aug_47.jpg,n0113.jpg,0,Normal
normal_aug_48.jpg,V0126.jpg,0,Normal
normal_aug_49.jpg,V0113.jpg,0,Normal
normal_aug_50.jpg,n0106.jpg,0,Normal
normal_aug_51.jpg,n0150.jpg,0,Normal
normal_aug_52.jpg,n0337.jpg,0,Normal
normal_aug_53.jpg,V0328.jpg,0,Normal
normal_aug_54.jpg,n0173.jpg,0,Normal
normal_aug_55.jpg,V0360.jpg,0,Normal
normal_aug_56.jpg,V0323.jpg,0,Normal
normal_aug_57.jpg,n0165.jpg,0,Normal
normal_aug_58.jpg,V0209.jpg,0,Normal
normal_aug_59.jpg,V0023.jpg,0,Normal
normal_aug_60.jpg,n0277.jpg,0,Normal
normal_aug_61.jpg,V0124.jpg,0,Normal
normal_aug_62.jpg,V0038.jpg,0,Normal
normal_aug_63.jpg,n0143.jpg,0,Normal
normal_aug_64.jpg,n0193.jpg,0,Normal
normal_aug_65.jpg,V0024.jpg,0,Normal
normal_aug_66.jpg,V0309.jpg,0,Normal
normal_aug_67.jpg,n0032.jpg,0,Normal
normal_aug_68.jpg,V0342.jpg,0,Normal
normal_aug_69.jpg,V0087.jpg,0,Normal
normal_aug_70.jpg,V0088.jpg,0,Normal
normal_aug_71.jpg,V0015.jpg,0,Normal
normal_aug_72.jpg,n0014.jpg,0,Normal
normal_aug_73.jpg,V0392.jpg,0,Normal
normal_aug_74.jpg,V0281.jpg,0,Normal
normal_aug_75.jpg,n0048.jpg,0,Normal
normal_aug_76.jpg,n0234.jpg,0,Normal
normal_aug_77.jpg,V0004.jpg,0,Normal
normal_aug_78.jpg,V0223.jpg,0,Normal
normal_aug_79.jpg,V0079.jpg,0,Normal
normal_aug_80.jpg,n0280.jpg,0,Normal
normal_aug_81.jpg,n0035.jpg,0,Normal
normal_aug_82.jpg,n0219.jpg,0,Normal
normal_aug_83.jpg,n0277.jpg,0,Normal
normal_aug_84.jpg,V0240.jpg,0,Normal
normal_aug_85.jpg,n0285.jpg,0,Normal
normal_aug_86.jpg,V0154.jpg,0,Normal
normal_aug_87.jpg,V0086.jpg,0,Normal
normal_aug_88.jpg,V0294.jpg,0,Normal
normal_aug_89.jpg,V0163.jpg,0,Normal
normal_aug_90.jpg,V0185.jpg,0,Normal
normal_aug_91.jpg,n0200.jpg,0,Normal
normal_aug_92.jpg,n0042.jpg,0,Normal
normal_aug_93.jpg,V0140.jpg,0,Normal
normal_aug_94.jpg,n0009.jpg,0,Normal
normal_aug_95.jpg,n0168.jpg,0,Normal
normal_aug_96.jpg,n0218.jpg,0,Normal
normal_aug_97.jpg,n0154.jpg,0,Normal
normal_aug_98.jpg,V0125.jpg,0,Normal
normal_aug_99.jpg,n0047.jpg,0,Normal
normal_aug_100.jpg,V0016.jpg,0,Normal
normal_aug_101.jpg,V0181.jpg,0,Normal
normal_aug_102.jpg,n0106.jpg,0,Normal
normal_aug_103.jpg,V0374.jpg,0,Normal
normal_aug_104.jpg,n0045.jpg,0,Normal
normal_aug_105.jpg,n0286.jpg,0,Normal
normal_aug_106.jpg,n0352.jpg,0,Normal
normal_aug_107.jpg,V0138.jpg,0,Normal
normal_aug_108.jpg,n0302.jpg,0,Normal
normal_aug_109.jpg,n0185.jpg,0,Normal
normal_aug_110.jpg,V0252.jpg,0,Normal
normal_aug_111.jpg,n0106.jpg,0,Normal
normal_aug_112.jpg,V0330.jpg,0,Normal
normal_aug_113.jpg,n0112.jpg,0,Normal
normal_aug_114.jpg,n0198.jpg,0,Normal
normal_aug_115.jpg,n0248.jpg,0,Normal
normal_aug_116.jpg,n0165.jpg,0,Normal
normal_aug_117.jpg,n0255.jpg,0,Normal
normal_aug_118.jpg,n0325.jpg,0,Normal
normal_aug_119.jpg,n0127.jpg,0,Normal
normal_aug_120.jpg,n0019.jpg,0,Normal
normal_aug_121.jpg,V0352.jpg,0,Normal
normal_aug_122.jpg,V0212.jpg,0,Normal
normal_aug_123.jpg,V0218.jpg,0,Normal
normal_aug_124.jpg,n0325.jpg,0,Normal
normal_aug_125.jpg,V0321.jpg,0,Normal
normal_aug_126.jpg,V0244.jpg,0,Normal
normal_aug_127.jpg,n0289.jpg,0,Normal
normal_aug_128.jpg,V0289.jpg,0,Normal
normal_aug_129.jpg,V0300.jpg,0,Normal
normal_aug_130.jpg,n0151.jpg,0,Normal
normal_aug_131.jpg,V0123.jpg,0,Normal
normal_aug_132.jpg,V0029.jpg,0,Normal
normal_aug_133.jpg,n0097.jpg,0,Normal
normal_aug_134.jpg,V0012.jpg,0,Normal
normal_aug_135.jpg,n0247.jpg,0,Normal
normal_aug_136.jpg,n0177.jpg,0,Normal
normal_aug_137.jpg,n0040.jpg,0,Normal
normal_aug_138.jpg,V0125.jpg,0,Normal
normal_aug_139.jpg,V0315.jpg,0,Normal
normal_aug_140.jpg,V0388.jpg,0,Normal
normal_aug_141.jpg,V0170.jpg,0,Normal
normal_aug_142.jpg,V0053.jpg,0,Normal
normal_aug_143.jpg,V0173.jpg,0,Normal
normal_aug_144.jpg,V0150.jpg,0,Normal
normal_aug_145.jpg,n0023.jpg,0,Normal
normal_aug_146.jpg,V0347.jpg,0,Normal
normal_aug_147.jpg,n0020.jpg,0,Normal
normal_aug_148.jpg,n0326.jpg,0,Normal
normal_aug_149.jpg,V0140.jpg,0,Normal
normal_aug_150.jpg,V0041.jpg,0,Normal
normal_aug_151.jpg,V0304.jpg,0,Normal
normal_aug_152.jpg,V0106.jpg,0,Normal
normal_aug_153.jpg,n0141.jpg,0,Normal
normal_aug_154.jpg,n0079.jpg,0,Normal
normal_aug_155.jpg,n0354.jpg,0,Normal
normal_aug_156.jpg,V0371.jpg,0,Normal
normal_aug_157.jpg,n0059.jpg,0,Normal
normal_aug_158.jpg,V0285.jpg,0,Normal
normal_aug_159.jpg,V0326.jpg,0,Normal
normal_aug_160.jpg,V0199.jpg,0,Normal
normal_aug_161.jpg,n0199.jpg,0,Normal
normal_aug_162.jpg,n0129.jpg,0,Normal
normal_aug_163.jpg,n0158.jpg,0,Normal
normal_aug_164.jpg,n0304.jpg,0,Normal
normal_aug_165.jpg,V0218.jpg,0,Normal
normal_aug_166.jpg,n0341.jpg,0,Normal
normal_aug_167.jpg,n0308.jpg,0,Normal
normal_aug_168.jpg,V0333.jpg,0,Normal
normal_aug_169.jpg,V0315.jpg,0,Normal
normal_aug_170.jpg,n0054.jpg,0,Normal
normal_aug_171.jpg,V0094.jpg,0,Normal
normal_aug_172.jpg,V0268.jpg,0,Normal
normal_aug_173.jpg,n0273.jpg,0,Normal
normal_aug_174.jpg,n0056.jpg,0,Normal
normal_aug_175.jpg,V0237.jpg,0,Normal
normal_aug_176.jpg,V0265.jpg,0,Normal
normal_aug_177.jpg,n0006.jpg,0,Normal
normal_aug_178.jpg,n0101.jpg,0,Normal
normal_aug_179.jpg,n0195.jpg,0,Normal
normal_aug_180.jpg,n0347.jpg,0,Normal
normal_aug_181.jpg,n0049.jpg,0,Normal
normal_aug_182.jpg,V0272.jpg,0,Normal
normal_aug_183.jpg,n0265.jpg,0,Normal
normal_aug_184.jpg,V0032.jpg,0,Normal
normal_aug_185.jpg,V0302.jpg,0,Normal
normal_aug_186.jpg,n0105.jpg,0,Normal
normal_aug_187.jpg,V0281.jpg,0,Normal
normal_aug_188.jpg,V0294.jpg,0,Normal
normal_aug_189.jpg,V0305.jpg,0,Normal
normal_aug_190.jpg,n0131.jpg,0,Normal
normal_aug_191.jpg,V0239.jpg,0,Normal
normal_aug_192.jpg,n0058.jpg,0,Normal
normal_aug_193.jpg,n0349.jpg,0,Normal
normal_aug_194.jpg,V0368.jpg,0,Normal
normal_aug_195.jpg,V0102.jpg,0,Normal
normal_aug_196.jpg,n0109.jpg,0,Normal
normal_aug_197.jpg,n0122.jpg,0,Normal
normal_aug_198.jpg,V0012.jpg,0,Normal
normal_aug_199.jpg,V0287.jpg,0,Normal
normal_aug_200.jpg,n0058.jpg,0,Normal
normal_aug_201.jpg,V0280.jpg,0,Normal
normal_aug_202.jpg,V0141.jpg,0,Normal
normal_aug_203.jpg,V0389.jpg,0,Normal
normal_aug_204.jpg,n0102.jpg,0,Normal
normal_aug_205.jpg,V0279.jpg,0,Normal
normal_aug_206.jpg,n0118.jpg,0,Normal
normal_aug_207.jpg,V0201.jpg,0,Normal
normal_aug_208.jpg,V0266.jpg,0,Normal
normal_aug_209.jpg,V0147.jpg,0,Normal
normal_aug_210.jpg,n0237.jpg,0,Normal
normal_aug_211.jpg,n0268.jpg,0,Normal
normal_aug_212.jpg,n0189.jpg,0,Normal
normal_aug_213.jpg,V0318.jpg,0,Normal
normal_aug_214.jpg,V0095.jpg,0,Normal
normal_aug_215.jpg,V0205.jpg,0,Normal
normal_aug_216.jpg,n0258.jpg,0,Normal
normal_aug_217.jpg,n0075.jpg,0,Normal
normal_aug_218.jpg,n0152.jpg,0,Normal
normal_aug_219.jpg,V0272.jpg,0,Normal
normal_aug_220.jpg,V0078.jpg,0,Normal
normal_aug_221.jpg,n0083.jpg,0,Normal
normal_aug_222.jpg,V0349.jpg,0,Normal
normal_aug_223.jpg,n0281.jpg,0,Normal
normal_aug_224.jpg,n0218.jpg,0,Normal
normal_aug_225.jpg,n0074.jpg,0,Normal
normal_aug_226.jpg,n0049.jpg,0,Normal
normal_aug_227.jpg,n0098.jpg,0,Normal
